,Neighborhood,Neighborhood Latitude,Neighborhood Longitude,Venue,Venue Latitude,Venue Longitude,Venue Category
0,Charlottenburg-Wilmersdorf,52.586016,13.282999992321699,Rüan Thai Restaurant,52.5868722099593,13.283095414756497,Thai Restaurant
1,Charlottenburg-Wilmersdorf,52.586016,13.282999992321699,SuperFit,52.58523634989401,13.28566805320884,Gym / Fitness Center
2,Charlottenburg-Wilmersdorf,52.586016,13.282999992321699,Hax'nhaus,52.58979,13.2822099,German Restaurant
3,Charlottenburg-Wilmersdorf,52.586016,13.282999992321699,Cafe Wetterstein,52.589049,13.279866,Café
4,Charlottenburg-Wilmersdorf,52.586016,13.282999992321699,Creme de la Creme - Florida Eis,52.588646,13.278311,Ice Cream Shop
5,Charlottenburg-Wilmersdorf,52.586016,13.282999992321699,Greenwichpromenade,52.58804517362675,13.273844718933105,Waterfront
6,Charlottenburg-Wilmersdorf,52.586016,13.282999992321699,Bergmann Pizza,52.58936339172051,13.281678640087993,Pizza Place
7,Charlottenburg-Wilmersdorf,52.586016,13.282999992321699,Hallen am Borsigturm,52.585117567972276,13.286484732480998,Shopping Mall
8,Charlottenburg-Wilmersdorf,52.586016,13.282999992321699,Bowl Play,52.58513751799159,13.285574981771841,Bowling Alley
9,Charlottenburg-Wilmersdorf,52.586016,13.282999992321699,SeeGarten,52.584961949938595,13.275872468948364,Beer Garden
10,Charlottenburg-Wilmersdorf,52.586016,13.282999992321699,Blaue Lagune,52.58850611059344,13.278330353766888,Mediterranean Restaurant
11,Charlottenburg-Wilmersdorf,52.586016,13.282999992321699,Sexy Secret Berlin,52.58992368293288,13.286660696675327,Adult Boutique
12,Charlottenburg-Wilmersdorf,52.586016,13.282999992321699,Aarju,52.58667584992914,13.28266869706722,Indian Restaurant
13,Charlottenburg-Wilmersdorf,52.586016,13.282999992321699,Florida Eiscafé,52.58938369840053,13.281575811432175,Ice Cream Shop
14,Charlottenburg-Wilmersdorf,52.586016,13.282999992321699,Donna Francesca,52.588995,13.280823,Restaurant
15,Charlottenburg-Wilmersdorf,52.586016,13.282999992321699,DADU,52.58940094117387,13.282143473625181,Japanese Restaurant
16,Charlottenburg-Wilmersdorf,52.586016,13.282999992321699,Falafel Moudi,52.58778168799675,13.285322216805165,Falafel Restaurant
17,Charlottenburg-Wilmersdorf,52.586016,13.282999992321699,SUBWAY,52.584668365372806,13.286185204989124,Sandwich Place
18,Charlottenburg-Wilmersdorf,52.586016,13.282999992321699,zara,52.584218,13.285916,Clothing Store
19,Charlottenburg-Wilmersdorf,52.586016,13.282999992321699,Konditorei Röttgen,52.58932650638991,13.283876824507262,Café
20,Charlottenburg-Wilmersdorf,52.586016,13.282999992321699,Pianoforte,52.587143,13.285779,Italian Restaurant
21,Charlottenburg-Wilmersdorf,52.586016,13.282999992321699,dm-drogerie markt,52.5897319,13.2849612,Drugstore
22,Charlottenburg-Wilmersdorf,52.586016,13.282999992321699,ANIMOR Restaurant Cafe Pizzeria,52.58523103832878,13.285583271480894,Italian Restaurant
23,Charlottenburg-Wilmersdorf,52.586016,13.282999992321699,dm-drogerie markt,52.58599637037036,13.28667100000007,Drugstore
24,Charlottenburg-Wilmersdorf,52.586016,13.282999992321699,Darjiling,52.58868571364056,13.279117108639719,Indian Restaurant
25,Charlottenburg-Wilmersdorf,52.586016,13.282999992321699,Markthalle Tegel,52.59001854441137,13.286172389818491,Market
26,Charlottenburg-Wilmersdorf,52.586016,13.282999992321699,Fisherman's,52.585219,13.276782,Seafood Restaurant
27,Charlottenburg-Wilmersdorf,52.586016,13.282999992321699,Best Western Hotel am Borsigturm,52.583459370149036,13.287336230278015,Hotel
28,Charlottenburg-Wilmersdorf,52.586016,13.282999992321699,Telekom Shop,52.590077179740945,13.285174369812012,Mobile Phone Shop
29,Charlottenburg-Wilmersdorf,52.586016,13.282999992321699,REWE,52.58321772611767,13.291559585377968,Supermarket
30,Charlottenburg-Wilmersdorf,52.586016,13.282999992321699,TK Maxx,52.58356041292171,13.286569118499756,Clothing Store
31,Charlottenburg-Wilmersdorf,52.586016,13.282999992321699,H&M,52.58504,13.286857,Clothing Store
32,Charlottenburg-Wilmersdorf,52.586016,13.282999992321699,Tegeler See Terrassen,52.588963356573316,13.274575629718312,Lounge
33,Charlottenburg-Wilmersdorf,52.586016,13.282999992321699,Laventes Grill,52.58668503732674,13.282781830684184,Restaurant
34,Charlottenburg-Wilmersdorf,52.586016,13.282999992321699,Mal Sehn,52.58936803248678,13.280969538041388,Bar
35,Charlottenburg-Wilmersdorf,52.586016,13.282999992321699,Rossmann,52.5907566667782,13.2831573486328,Drugstore
36,Charlottenburg-Wilmersdorf,52.586016,13.282999992321699,SUBWAY,52.590012902810884,13.28601300656517,Sandwich Place
37,Charlottenburg-Wilmersdorf,52.586016,13.282999992321699,Restaurant Weil,52.589472793252604,13.281840399280368,Restaurant
38,Charlottenburg-Wilmersdorf,52.586016,13.282999992321699,Lidl,52.5941260887768,13.2818612068583,Supermarket
39,Charlottenburg-Wilmersdorf,52.586016,13.282999992321699,MediaMarkt,52.58499992533996,13.286020915344238,Electronics Store
40,Charlottenburg-Wilmersdorf,52.586016,13.282999992321699,Dos Pescados,52.58512571716119,13.285699662108303,Latin American Restaurant
41,Charlottenburg-Wilmersdorf,52.586016,13.282999992321699,CineStar Tegel,52.5840949579079,13.285989761352539,Multiplex
42,Charlottenburg-Wilmersdorf,52.586016,13.282999992321699,Tegel-Center,52.590170059885665,13.286054134368896,Shopping Mall
43,Charlottenburg-Wilmersdorf,52.586016,13.282999992321699,McDonald's,52.583974081465456,13.286769927028436,Fast Food Restaurant
44,Charlottenburg-Wilmersdorf,52.586016,13.282999992321699,C&A,52.59004558844634,13.282905232478038,Clothing Store
45,Charlottenburg-Wilmersdorf,52.586016,13.282999992321699,REWE,52.58465638889975,13.28621599255564,Supermarket
46,Charlottenburg-Wilmersdorf,52.586016,13.282999992321699,Kandulski Café & Konditorei,52.58810383751375,13.2849383354187,Café
47,Charlottenburg-Wilmersdorf,52.586016,13.282999992321699,Brasserie Alt-Tegel,52.589055485155974,13.280432224273682,Brasserie
48,Charlottenburg-Wilmersdorf,52.586016,13.282999992321699,Sparda-Bank Berlin,52.58954959380557,13.283761516277103,Credit Union
49,Charlottenburg-Wilmersdorf,52.586016,13.282999992321699,Curry 27,52.590257913145116,13.282802286347184,Snack Place
50,Charlottenburg-Wilmersdorf,52.586016,13.282999992321699,Double X Club,52.58888068461922,13.288914695826387,Nightclub
51,Charlottenburg-Wilmersdorf,52.586016,13.282999992321699,"""Kanonenplatz"" Am Tegeler See",52.58426890334421,13.27476309657715,Lake
52,Charlottenburg-Wilmersdorf,52.586016,13.282999992321699,Pavillon am See,52.588554106028745,13.273017453454182,Café
53,Charlottenburg-Wilmersdorf,52.586016,13.282999992321699,A.T.U Berlin - Tegel,52.593828,13.285289,Automotive Shop
54,Charlottenburg-Wilmersdorf,52.586016,13.282999992321699,Tabakwaren S. Muslu,52.57758,13.27896,Miscellaneous Shop
55,Friedrichshain-Kreuzberg,52.586016,13.449999809222,Syrtaki,52.59282626707126,13.45481458980235,Greek Restaurant
56,Friedrichshain-Kreuzberg,52.586016,13.449999809222,Meisterbäckerei Steinecke,52.590922057199954,13.445461003264,Bakery
57,Friedrichshain-Kreuzberg,52.586016,13.449999809222,S Blankenburg,52.59136078849369,13.443423880889817,Light Rail Station
58,Friedrichshain-Kreuzberg,52.586016,13.449999809222,H S Blankenburg,52.59088702279904,13.442351818084717,Bus Stop
59,Friedrichshain-Kreuzberg,52.586016,13.449999809222,ce-roeder,52.58205,13.440699999999993,Electronics Store
60,Friedrichshain-Kreuzberg,52.586016,13.449999809222,Kaffee-Haus Madlen,52.593037155451476,13.457036553644249,Café
61,Lichtenberg,52.514556884785996,13.498307228022098,Athos,52.51276969829372,13.500908139579167,Greek Restaurant
62,Lichtenberg,52.514556884785996,13.498307228022098,Zeitenträumer,52.513945,13.499845,Breakfast Spot
63,Lichtenberg,52.514556884785996,13.498307228022098,Bullet Shop,52.51180927967621,13.498141708115385,Smoke Shop
64,Lichtenberg,52.514556884785996,13.498307228022098,Freiaplatz,52.51580436440169,13.49850037381606,Park
65,Lichtenberg,52.514556884785996,13.498307228022098,Stasi-Museum,52.514409059167576,13.487429022789001,History Museum
66,Lichtenberg,52.514556884785996,13.498307228022098,Don Giovanni,52.51442235115981,13.493322684221212,Italian Restaurant
67,Lichtenberg,52.514556884785996,13.498307228022098,Big Bowl,52.5206512900636,13.497169553665536,Bowling Alley
68,Lichtenberg,52.514556884785996,13.498307228022098,AVCI,52.506062406124414,13.495985057538887,Doner Restaurant
69,Lichtenberg,52.514556884785996,13.498307228022098,Hotel Siegfriedshof,52.515035957642965,13.497475616723198,Hotel
70,Lichtenberg,52.514556884785996,13.498307228022098,AVCI Bistro,52.50884259706542,13.497380018234253,Falafel Restaurant
71,Lichtenberg,52.514556884785996,13.498307228022098,EDEKA,52.50932707481885,13.497750714593456,Supermarket
72,Lichtenberg,52.514556884785996,13.498307228022098,Ormado Kaffeehaus,52.5103,13.501088,Coffee Shop
73,Lichtenberg,52.514556884785996,13.498307228022098,McFIT,52.52182555984336,13.498887419700623,Gym / Fitness Center
74,Lichtenberg,52.514556884785996,13.498307228022098,Rossmann,52.50942376214189,13.497594594955444,Drugstore
75,Lichtenberg,52.514556884785996,13.498307228022098,U-Back,52.51237102604717,13.489361904521312,Bakery
76,Lichtenberg,52.514556884785996,13.498307228022098,Pizzeria “Ledi”,52.50850387020215,13.497361592632318,Pizza Place
77,Lichtenberg,52.514556884785996,13.498307228022098,HOWOGE-Arena „Hans Zoschke“,52.516717056888126,13.486640453338623,Soccer Stadium
78,Lichtenberg,52.514556884785996,13.498307228022098,Kîez Bäckereî,52.50659871700232,13.503078466591223,Bakery
79,Lichtenberg,52.514556884785996,13.498307228022098,"Centies - 1,30€-Imbiss",52.51070997431704,13.499844080628792,German Restaurant
80,Lichtenberg,52.514556884785996,13.498307228022098,Lidl,52.5094817,13.5067321,Supermarket
81,Lichtenberg,52.514556884785996,13.498307228022098,OBI,52.51030039267615,13.492010235786438,Hardware Store
82,Lichtenberg,52.514556884785996,13.498307228022098,Café Backfee,52.508102371109466,13.497157602459549,Bakery
83,Lichtenberg,52.514556884785996,13.498307228022098,Lidl,52.51117441796975,13.492068383357037,Supermarket
84,Lichtenberg,52.514556884785996,13.498307228022098,Wiener Feinbäckerei Heberer,52.51125805694935,13.497845745765305,Bakery
85,Lichtenberg,52.514556884785996,13.498307228022098,Q 216,52.51108595620549,13.493660031715864,Salad Place
86,Lichtenberg,52.514556884785996,13.498307228022098,Eis Kaffee Im Weitlingkiez (Barletta-Eis),52.507944069391726,13.49742744711661,Coffee Shop
87,Lichtenberg,52.514556884785996,13.498307228022098,Lichtenberg-Apotheke,52.5091815727855,13.497516790208156,Pharmacy
88,Lichtenberg,52.514556884785996,13.498307228022098,Der Bäcker Feihl,52.510465,13.492023,Bakery
89,Lichtenberg,52.514556884785996,13.498307228022098,Salsa,52.50797734103584,13.496820404496713,Mexican Restaurant
90,Lichtenberg,52.514556884785996,13.498307228022098,Netto Marken-Discount,52.51032195,13.4920333,Supermarket
91,Lichtenberg,52.514556884785996,13.498307228022098,H Einbecker Str. / Rosenfelder Str.,52.509691487288165,13.503388166427612,Bus Stop
92,Lichtenberg,52.514556884785996,13.498307228022098,Berliner Sparkasse (Geldautomat),52.50877199833594,13.4993200361156,ATM
93,Lichtenberg,52.514556884785996,13.498307228022098,Zamenhofpark,52.50951589437173,13.50369707646365,Park
94,Lichtenberg,52.514556884785996,13.498307228022098,totsicher,52.50800494815689,13.497108561033412,Bookstore
95,Lichtenberg,52.514556884785996,13.498307228022098,Lichtenberg vorm Einfahrsignal,52.50825500488281,13.49429988861084,Train Station
96,Lichtenberg,52.514556884785996,13.498307228022098,Gedenkstätte der Sozialisten,52.51488894986447,13.510737419128418,Memorial Site
97,Lichtenberg,52.514556884785996,13.498307228022098,H Siegfriedstraße / Josef-Orlopp-Straße,52.52299733075757,13.499579429626465,Tram Station
98,Lichtenberg,52.514556884785996,13.498307228022098,EUROMASTER,52.52308930004569,13.499604070275666,Automotive Shop
99,Marzahn-Hellersdorf,52.533000946086,13.583000183122198,Wolkenhain,52.53483665462395,13.580952286720276,Scenic Lookout
100,Marzahn-Hellersdorf,52.533000946086,13.583000183122198,Kienberg,52.534801061272546,13.581079312134221,Mountain
101,Marzahn-Hellersdorf,52.533000946086,13.583000183122198,Natur-Bobbahn Berlin,52.534791634534805,13.581494092941284,Theme Park Ride / Attraction
102,Marzahn-Hellersdorf,52.533000946086,13.583000183122198,Chinesischer Garten des wiedergewonnenen Mondes,52.53644012386498,13.576382034852221,Garden
103,Marzahn-Hellersdorf,52.533000946086,13.583000183122198,Gärten der Welt,52.53777397547359,13.574016094207764,Garden
104,Marzahn-Hellersdorf,52.533000946086,13.583000183122198,Koreanischer Seouler Garten,52.539272984616396,13.579455078373423,Garden
105,Marzahn-Hellersdorf,52.533000946086,13.583000183122198,Orientalischer Garten der vier Ströme,52.539740428578206,13.575431326800851,Garden
106,Marzahn-Hellersdorf,52.533000946086,13.583000183122198,Japanischer Garten des zusammenfließenden Wassers,52.53856521112164,13.580213179216367,Garden
107,Marzahn-Hellersdorf,52.533000946086,13.583000183122198,Balinesischer Garten der drei Harmonien,52.539353075360715,13.577614532026486,Garden
108,Marzahn-Hellersdorf,52.533000946086,13.583000183122198,Irrgarten & Labyrinth,52.5375114392433,13.574081539371726,Garden
109,Marzahn-Hellersdorf,52.533000946086,13.583000183122198,dm-drogerie markt,52.5298272811253,13.594931361131103,Drugstore
110,Marzahn-Hellersdorf,52.533000946086,13.583000183122198,Lidl,52.5279945,13.5883892,Supermarket
111,Marzahn-Hellersdorf,52.533000946086,13.583000183122198,Lidl,52.5375869,13.5903345,Supermarket
112,Marzahn-Hellersdorf,52.533000946086,13.583000183122198,REWE,52.529414,13.594044,Supermarket
113,Marzahn-Hellersdorf,52.533000946086,13.583000183122198,Lidl,52.52913479999999,13.5710573,Supermarket
114,Marzahn-Hellersdorf,52.533000946086,13.583000183122198,Christlicher Garten,52.536893176043705,13.577853122205463,Garden
115,Marzahn-Hellersdorf,52.533000946086,13.583000183122198,Chinesisches Teehaus - Berghaus zum Osmanthussaft,52.53644862734648,13.576376668579217,Tea Room
116,Marzahn-Hellersdorf,52.533000946086,13.583000183122198,EDEKA Tatschke,52.53827876,13.59015462,Supermarket
117,Mitte,52.516998291086,13.366999626219,Haus der Kulturen der Welt,52.51859731619241,13.364739418029785,Performing Arts Venue
118,Mitte,52.516998291086,13.366999626219,Tipi am Kanzleramt,52.51824743478899,13.367187085208323,Comedy Club
119,Mitte,52.516998291086,13.366999626219,HKW Auditorium,52.51852234345796,13.364780014660967,Concert Hall
120,Mitte,52.516998291086,13.366999626219,Beethoven-Haydn-Mozart-Denkmal,52.51374443463019,13.370373080989987,Outdoor Sculpture
121,Mitte,52.516998291086,13.366999626219,Sowjetisches Ehrenmal Tiergarten,52.51682151784933,13.371895551681519,Monument / Landmark
122,Mitte,52.516998291086,13.366999626219,Купол Pейхстага (Reichstagskuppel),52.51854916947246,13.376098687509057,Scenic Lookout
123,Mitte,52.516998291086,13.366999626219,Reichstag,52.518503,13.376062,Capitol Building
124,Mitte,52.516998291086,13.366999626219,Großer Tiergarten,52.51462778550934,13.357207775115967,Park
125,Mitte,52.516998291086,13.366999626219,Zollpackhof,52.52122279223264,13.367035220106201,Beer Garden
126,Mitte,52.516998291086,13.366999626219,Paris-Moskau,52.522695363826976,13.364400102023664,French Restaurant
127,Mitte,52.516998291086,13.366999626219,Brandenburger Tor,52.516246979489246,13.377785682678223,Monument / Landmark
128,Mitte,52.516998291086,13.366999626219,Platz der Republik,52.51859078765349,13.372753858566284,Plaza
129,Mitte,52.516998291086,13.366999626219,Rosengarten,52.513972285563135,13.35688796731381,Garden
130,Mitte,52.516998291086,13.366999626219,Luiseninsel,52.51091480493819,13.364304521528554,Sculpture Garden
131,Mitte,52.516998291086,13.366999626219,Philharmonie,52.509975,13.369776,Concert Hall
132,Mitte,52.516998291086,13.366999626219,Steigenberger Spa,52.523586613570636,13.368029293903854,Spa
133,Mitte,52.516998291086,13.366999626219,Kammermusiksaal | Chamber Music Hall (Kammermusiksaal),52.50941070233693,13.368934392929077,Concert Hall
134,Mitte,52.516998291086,13.366999626219,Steigenberger Hotel Am Kanzleramt,52.523609784492315,13.368045438056027,Hotel
135,Mitte,52.516998291086,13.366999626219,Pariser Platz,52.51634348450438,13.379223346710205,Plaza
136,Mitte,52.516998291086,13.366999626219,Denkmal für die ermordeten Juden Europas,52.51386572739114,13.378545935106754,Monument / Landmark
137,Mitte,52.516998291086,13.366999626219,Spreeufer,52.520579368118966,13.377326225412698,Waterfront
138,Mitte,52.516998291086,13.366999626219,Calumet Photographic,52.523183,13.366734,Camera Store
139,Mitte,52.516998291086,13.366999626219,Hotel Adlon Kempinski Berlin,52.51603805458656,13.380124568939209,Hotel
140,Mitte,52.516998291086,13.366999626219,Butter Lindner,52.51787932321359,13.380449533542258,Gourmet Shop
141,Mitte,52.516998291086,13.366999626219,Adlon Spa by Resense,52.515823,13.380434,Spa
142,Mitte,52.516998291086,13.366999626219,"The Ritz-Carlton, Berlin",52.510184489083464,13.375436067581177,Hotel
143,Mitte,52.516998291086,13.366999626219,Pret A Manger,52.524322,13.369473,Sandwich Place
144,Mitte,52.516998291086,13.366999626219,Arsenal,52.509844465263065,13.37345151708385,Indie Movie Theater
145,Mitte,52.516998291086,13.366999626219,The Ritz Carlton Spa & Fitness Center,52.51023043679551,13.375132643365783,Spa
146,Mitte,52.516998291086,13.366999626219,Kanzlerpark,52.52018107026926,13.362979888916016,Park
147,Mitte,52.516998291086,13.366999626219,Sony Center,52.509868426200796,13.373475813552897,Building
148,Mitte,52.516998291086,13.366999626219,Berlin Marriott Hotel,52.51091092204795,13.376140147447586,Hotel
149,Mitte,52.516998291086,13.366999626219,The Curtain Club,52.510173,13.375372,Hotel Bar
150,Mitte,52.516998291086,13.366999626219,Gemäldegalerie,52.50896347323177,13.366553250421635,Art Museum
151,Mitte,52.516998291086,13.366999626219,Platz des 18. März,52.51619474835671,13.377270698547363,Plaza
152,Mitte,52.516998291086,13.366999626219,Herrmann-Wolff-Saal,52.509978800265046,13.369798064231873,Concert Hall
153,Mitte,52.516998291086,13.366999626219,Restaurant Quarré,52.51601581545151,13.379909992218018,Restaurant
154,Mitte,52.516998291086,13.366999626219,Sommerkino Kulturforum,52.50887524699256,13.366895914077759,Indie Movie Theater
155,Mitte,52.516998291086,13.366999626219,Schloss Bellevue,52.51760496714228,13.352798223495483,Palace
156,Mitte,52.516998291086,13.366999626219,India Club,52.514835149745636,13.379803689847819,Indian Restaurant
157,Mitte,52.516998291086,13.366999626219,Tucano Coffee,52.52260891990654,13.368006348609924,Coffee Shop
158,Mitte,52.516998291086,13.366999626219,Filmhaus am Potsdamer Platz,52.509910274148446,13.373497273963329,Museum
159,Mitte,52.516998291086,13.366999626219,Dussmann der MuseumsShop,52.50979976462031,13.373588705718559,Bookstore
160,Mitte,52.516998291086,13.366999626219,Balikci Ergün,52.51973918415058,13.357100152637567,Seafood Restaurant
161,Mitte,52.516998291086,13.366999626219,Spreeufer am Hauptbahnhof,52.52287982867757,13.369578123092651,Waterfront
162,Mitte,52.516998291086,13.366999626219,IntercityHotel Berlin Hauptbahnhof,52.52355041095177,13.367036174090213,Hotel
163,Mitte,52.516998291086,13.366999626219,Magnus-Hirschfeld-Ufer,52.51900208371135,13.361091613769531,Trail
164,Mitte,52.516998291086,13.366999626219,Lobby Lounge & Bar,52.516053,13.380251,Hotel Bar
165,Mitte,52.516998291086,13.366999626219,Sra Bua by Tim Raue,52.51504541570759,13.380998408040854,Asian Restaurant
166,Mitte,52.516998291086,13.366999626219,Lobby Lounge,52.5107541366566,13.375909591192682,Hotel Bar
167,Mitte,52.516998291086,13.366999626219,Motel One Berlin-Hauptbahnhof,52.52561923326395,13.36600575634014,Hotel
168,Mitte,52.516998291086,13.366999626219,Futurium,52.52405483533408,13.374330997467041,Science Museum
169,Mitte,52.516998291086,13.366999626219,Ono Spa,52.50906329196023,13.373944748060893,Spa
170,Mitte,52.516998291086,13.366999626219,Deutsche Kinemathek - Museum für Film und Fernsehen,52.50969523815914,13.373551960862034,Museum
171,Mitte,52.516998291086,13.366999626219,Käfer Bistro,52.51857994510607,13.376789387545713,Bistro
172,Mitte,52.516998291086,13.366999626219,Akademie der Künste,52.51575465779399,13.379631042480469,Art Gallery
173,Mitte,52.516998291086,13.366999626219,Berlin Hauptbahnhof,52.52485121086412,13.369781970977781,Train Station
174,Mitte,52.516998291086,13.366999626219,Kulturforum,52.50861404689629,13.367759585380554,Plaza
175,Mitte,52.516998291086,13.366999626219,POTS,52.5103754,13.3750895,Restaurant
176,Mitte,52.516998291086,13.366999626219,Motel One Berlin-Bellevue,52.519935646188955,13.355995416641235,Hotel
177,Mitte,52.516998291086,13.366999626219,Executive Lounge,52.51083746308041,13.37633728981018,Hotel Bar
178,Mitte,52.516998291086,13.366999626219,Spreetreppen,52.51952197596858,13.376800293044653,Plaza
179,Mitte,52.516998291086,13.366999626219,Otto Bock Science Center Berlin,52.51127586353251,13.376845728591805,Science Museum
180,Mitte,52.516998291086,13.366999626219,The Barn,52.510202,13.374193,Coffee Shop
181,Mitte,52.516998291086,13.366999626219,Madame Tussauds,52.51688885077902,13.381591848462108,Museum
182,Mitte,52.516998291086,13.366999626219,Tiergartenufer,52.517095726690926,13.357958793640137,Beach
183,Mitte,52.516998291086,13.366999626219,Brandenburger Tor Apotheke,52.51623,13.381599999999999,Pharmacy
184,Mitte,52.516998291086,13.366999626219,Midtown Grill,52.511053578881445,13.376660379184392,Steakhouse
185,Mitte,52.516998291086,13.366999626219,Friedrich-Ebert-Platz,52.518613637535495,13.377061486244202,Plaza
186,Mitte,52.516998291086,13.366999626219,Schiller Backstube Deli,52.510697,13.3755,Bistro
187,Mitte,52.516998291086,13.366999626219,Brandenburger Tor Museum,52.516724,13.379934,Museum
188,Mitte,52.516998291086,13.366999626219,Hertha BSC Fanshop,52.525451217010485,13.36915385083878,Sporting Goods Shop
189,Mitte,52.516998291086,13.366999626219,Trattoria Fidelia,52.51955951606555,13.355715313467421,Italian Restaurant
190,Mitte,52.516998291086,13.366999626219,Sony Style Store,52.509918899495396,13.3735540615478,Electronics Store
191,Mitte,52.516998291086,13.366999626219,Ort der Information,52.51397727081344,13.379687653890995,History Museum
192,Mitte,52.516998291086,13.366999626219,Wurst :-),52.51729048994672,13.377212234923464,BBQ Joint
193,Mitte,52.516998291086,13.366999626219,The QIU,52.509090735903364,13.373976945877075,Lounge
194,Mitte,52.516998291086,13.366999626219,Kunstgewerbemuseum,52.50953248351162,13.367021836212265,Art Museum
195,Mitte,52.516998291086,13.366999626219,Capital Beach,52.52268226174632,13.371111651553624,Cocktail Bar
196,Mitte,52.516998291086,13.366999626219,Lorenz Adlon Esszimmer,52.51603734048608,13.380403518676758,Modern European Restaurant
197,Mitte,52.516998291086,13.366999626219,Angkor Wat,52.52037677752846,13.355765000801808,Asian Restaurant
198,Mitte,52.516998291086,13.366999626219,Musikinstrumenten Museum,52.51050118268362,13.370726108551024,Museum
199,Mitte,52.516998291086,13.366999626219,Spreebogenpark,52.521992025025575,13.372485637664795,Park
200,Mitte,52.516998291086,13.366999626219,Max-Liebermann-Haus,52.5166821174975,13.377807140350342,Historic Site
201,Mitte,52.516998291086,13.366999626219,Berliner Currywurst,52.513904357588785,13.380191460155089,Hot Dog Joint
202,Mitte,52.516998291086,13.366999626219,Kaisersaal,52.50991129628376,13.373852682810556,German Restaurant
203,Mitte,52.516998291086,13.366999626219,Starbucks,52.51058,13.37643,Coffee Shop
204,Mitte,52.516998291086,13.366999626219,5x5 km TEAM-Staffel,52.518248914917706,13.369531083494456,Track
205,Mitte,52.516998291086,13.366999626219,Amrit,52.51052730164155,13.37708830833435,Indian Restaurant
206,Mitte,52.516998291086,13.366999626219,ALDI NORD,52.52440850146126,13.36388068859716,Supermarket
207,Mitte,52.516998291086,13.366999626219,Starbucks,52.51678544918839,13.379765924719646,Coffee Shop
208,Mitte,52.516998291086,13.366999626219,Ampelmann Shop,52.525321196205375,13.369288444519041,Souvenir Shop
209,Mitte,52.516998291086,13.366999626219,Ki-Nova,52.509467891950806,13.37336771392187,Bar
210,Mitte,52.516998291086,13.366999626219,Vapiano,52.524531030450646,13.369383823373937,Italian Restaurant
211,Mitte,52.516998291086,13.366999626219,Curry 36,52.52453788450955,13.369406461715696,Currywurst Joint
212,Mitte,52.516998291086,13.366999626219,Gosch Sylt,52.52498212901583,13.369450001689144,Seafood Restaurant
213,Mitte,52.516998291086,13.366999626219,Decathlon,52.525552074630426,13.369053482747404,Sporting Goods Shop
214,Mitte,52.516998291086,13.366999626219,Ristorante Don Giovanni,52.523414557698686,13.359653626757575,Italian Restaurant
215,Mitte,52.516998291086,13.366999626219,Fragrances Bar,52.510314,13.375331,Hotel Bar
216,Mitte,52.516998291086,13.366999626219,Häagen-Dazs,52.51035553018633,13.376376845660843,Ice Cream Shop
217,Neukölln,52.4830017089859,13.449999809222,Begur,52.480937,13.451923,Spanish Restaurant
218,Neukölln,52.4830017089859,13.449999809222,Mmaah,52.48382644556769,13.447483295633011,Korean Restaurant
219,Neukölln,52.4830017089859,13.449999809222,Bouldergarten,52.47947,13.451368,Climbing Gym
220,Neukölln,52.4830017089859,13.449999809222,Du Beast,52.482412,13.445145,Bar
221,Neukölln,52.4830017089859,13.449999809222,Comedy Café Berlin,52.480254812930724,13.446879386901855,Comedy Club
222,Neukölln,52.4830017089859,13.449999809222,WOLF,52.48290035056045,13.441838727774554,Movie Theater
223,Neukölln,52.4830017089859,13.449999809222,Wildenbruch Bar,52.48649057710639,13.446346341267697,Pub
224,Neukölln,52.4830017089859,13.449999809222,Sahara Imbiss,52.483254414816805,13.442168028778424,African Restaurant
225,Neukölln,52.4830017089859,13.449999809222,Nah am Wasser gebaut,52.48507856017328,13.444732081179938,Breakfast Spot
226,Neukölln,52.4830017089859,13.449999809222,hom,52.483472,13.444547,Café
227,Neukölln,52.4830017089859,13.449999809222,Passenger Coffee,52.487445322148886,13.4524220197121,Café
228,Neukölln,52.4830017089859,13.449999809222,Mae Charoen,52.47970186394123,13.444004335520644,Thai Restaurant
229,Neukölln,52.4830017089859,13.449999809222,Stella Takeaway + Casual Catering,52.48342466528559,13.441073674952667,Food & Drink Shop
230,Neukölln,52.4830017089859,13.449999809222,k-fetisch,52.483061135065896,13.441773605013086,Café
231,Neukölln,52.4830017089859,13.449999809222,Crazy Bastard Sauce,52.48356705853624,13.44064934198851,Bistro
232,Neukölln,52.4830017089859,13.449999809222,Zimt & Mehl Manufaktur,52.48473361104862,13.44414627157973,Café
233,Neukölln,52.4830017089859,13.449999809222,Holy Coffee,52.479833459184675,13.443649838260455,Coffee Shop
234,Neukölln,52.4830017089859,13.449999809222,Companion Tea & Coffee,52.48331723887731,13.441134981212718,Coffee Shop
235,Neukölln,52.4830017089859,13.449999809222,Pecados,52.480286,13.443416,Latin American Restaurant
236,Neukölln,52.4830017089859,13.449999809222,Let Them Eat Cake,52.48311277647355,13.441567622507979,Thrift / Vintage Store
237,Neukölln,52.4830017089859,13.449999809222,Weserkrug,52.483508741370706,13.440356254577635,Bar
238,Neukölln,52.4830017089859,13.449999809222,Caffeggiando,52.48067603707893,13.440000066387604,Coffee Shop
239,Neukölln,52.4830017089859,13.449999809222,Am Kiehlufer,52.48592942958994,13.442909717559814,Waterfront
240,Neukölln,52.4830017089859,13.449999809222,On Egin,52.482567525159375,13.441260411196689,Tapas Restaurant
241,Neukölln,52.4830017089859,13.449999809222,Pêle-Mêle,52.479504589221584,13.441588028737131,Vegetarian / Vegan Restaurant
242,Neukölln,52.4830017089859,13.449999809222,Knödelwirtschaft,52.486654,13.439442,Dumpling Restaurant
243,Neukölln,52.4830017089859,13.449999809222,W Pizza,52.48691591181872,13.439900324151909,Pizza Place
244,Neukölln,52.4830017089859,13.449999809222,Café Trinkaus,52.4789134,13.4445034,Café
245,Neukölln,52.4830017089859,13.449999809222,eins44 Kantine Neukölln,52.485255362417014,13.439657817160553,German Restaurant
246,Neukölln,52.4830017089859,13.449999809222,Stadtbad Neukölln,52.479245262119015,13.439937829971313,Pool
247,Neukölln,52.4830017089859,13.449999809222,TiER,52.48495340000144,13.437549744594374,Cocktail Bar
248,Neukölln,52.4830017089859,13.449999809222,mom's Creation,52.48904876640502,13.453765345873867,Vegetarian / Vegan Restaurant
249,Neukölln,52.4830017089859,13.449999809222,BICHOU,52.482467242880354,13.436506649594563,Bistro
250,Neukölln,52.4830017089859,13.449999809222,Konditorei Damaskus,52.48256133724326,13.438805937767029,Pastry Shop
251,Neukölln,52.4830017089859,13.449999809222,Neue Republik Reger,52.49034578063774,13.44900369644165,Vegetarian / Vegan Restaurant
252,Neukölln,52.4830017089859,13.449999809222,Loveburger,52.479015,13.449099,Burger Joint
253,Neukölln,52.4830017089859,13.449999809222,Rotbart,52.4741492705725,13.449253552968257,Bar
254,Neukölln,52.4830017089859,13.449999809222,Prachtwerk,52.47907980698503,13.438402686454733,Café
255,Neukölln,52.4830017089859,13.449999809222,Heimathafen Neukölln,52.47694577044968,13.439722525814265,Indie Theater
256,Neukölln,52.4830017089859,13.449999809222,Dritter Raum,52.477134,13.448106,Café
257,Neukölln,52.4830017089859,13.449999809222,Passage Kino,52.477532904422084,13.439125090358829,Indie Movie Theater
258,Neukölln,52.4830017089859,13.449999809222,Sameheads,52.47801357422616,13.439512698331281,Bar
259,Neukölln,52.4830017089859,13.449999809222,Safari Falafel,52.490836,13.4477,Falafel Restaurant
260,Neukölln,52.4830017089859,13.449999809222,Mendy & Edeltraut,52.48483386269403,13.43790357598979,Bar
261,Neukölln,52.4830017089859,13.449999809222,Rixbox,52.479005733519294,13.43779279156502,Coffee Shop
262,Neukölln,52.4830017089859,13.449999809222,Kindl-Stuben,52.482588017044954,13.438291572332927,German Restaurant
263,Neukölln,52.4830017089859,13.449999809222,Goldelsen,52.48838421888869,13.453120260191566,Café
264,Neukölln,52.4830017089859,13.449999809222,Ä,52.485106735199366,13.437436604583509,Dive Bar
265,Neukölln,52.4830017089859,13.449999809222,NK,52.4861079232943,13.448391801255706,Music Venue
266,Neukölln,52.4830017089859,13.449999809222,Zosse,52.474918,13.443632,Gastropub
267,Neukölln,52.4830017089859,13.449999809222,Föllerei,52.48757148381002,13.437315756069628,German Restaurant
268,Neukölln,52.4830017089859,13.449999809222,Farina,52.491661,13.446347,Pizza Place
269,Neukölln,52.4830017089859,13.449999809222,Ä Stube,52.48507939186846,13.437358129791011,Pub
270,Neukölln,52.4830017089859,13.449999809222,SAVVY Contemporary,52.47684168244228,13.44120383015267,Art Gallery
271,Neukölln,52.4830017089859,13.449999809222,Babbo Bar,52.481695588044566,13.436558246612549,Italian Restaurant
272,Neukölln,52.4830017089859,13.449999809222,Ratzeputz,52.485278926100385,13.437143823953551,Bar
273,Neukölln,52.4830017089859,13.449999809222,Velvet,52.47907882608319,13.438421123549753,Cocktail Bar
274,Neukölln,52.4830017089859,13.449999809222,Al Pasha,52.48359892217908,13.436370938896145,Lebanese Restaurant
275,Neukölln,52.4830017089859,13.449999809222,Café ohne Titel,52.478859,13.448919,Café
276,Neukölln,52.4830017089859,13.449999809222,Alter Roter Löwe Rein,52.47576451922523,13.443177572017891,Bar
277,Neukölln,52.4830017089859,13.449999809222,Café Botanico,52.47731595457574,13.441248048118089,Café
278,Neukölln,52.4830017089859,13.449999809222,Hackbert,52.4782836834271,13.43894695727129,Burger Joint
279,Neukölln,52.4830017089859,13.449999809222,Missis Miller,52.488730133840875,13.439044970689638,Café
280,Neukölln,52.4830017089859,13.449999809222,La Bolognina,52.48241216588175,13.435651487321257,Italian Restaurant
281,Neukölln,52.4830017089859,13.449999809222,Minigolf und Pit-Pat am Hertzbergplatz,52.47790314420611,13.448756564915188,Mini Golf
282,Neukölln,52.4830017089859,13.449999809222,CockTail D'Amore,52.47625154455697,13.457641739592098,Nightclub
283,Neukölln,52.4830017089859,13.449999809222,Wildenbruchplatz,52.484372687145026,13.444119731828037,Park
284,Neukölln,52.4830017089859,13.449999809222,Internet Explorer,52.47642231748866,13.4597647190094,Music Venue
285,Neukölln,52.4830017089859,13.449999809222,Örnek Lahmacun,52.478455,13.438209,Turkish Restaurant
286,Neukölln,52.4830017089859,13.449999809222,Le Brot,52.48344671055487,13.43536830180993,Bakery
287,Neukölln,52.4830017089859,13.449999809222,Il Sogno,52.49071126332193,13.448221244882069,Italian Restaurant
288,Neukölln,52.4830017089859,13.449999809222,Tapas No. 6,52.49013271724425,13.456731572320841,Tapas Restaurant
289,Neukölln,52.4830017089859,13.449999809222,Weichselplatz,52.48803313140116,13.439197540283203,Park
290,Neukölln,52.4830017089859,13.449999809222,nahkauf,52.48385002,13.44758233,Supermarket
291,Neukölln,52.4830017089859,13.449999809222,Kalle Klein,52.489602074554874,13.440141251263642,Restaurant
292,Neukölln,52.4830017089859,13.449999809222,Erika und Hilde,52.48579327912002,13.44217564392462,Bar
293,Neukölln,52.4830017089859,13.449999809222,Rudimarie,52.48894669630567,13.438977133841703,Café
294,Neukölln,52.4830017089859,13.449999809222,Marin,52.47753566227097,13.459598208726911,Turkish Restaurant
295,Neukölln,52.4830017089859,13.449999809222,Mehana Paradis,52.47561506190385,13.447390423245285,Eastern European Restaurant
296,Neukölln,52.4830017089859,13.449999809222,Lidl,52.47521172845513,13.451039045994548,Supermarket
297,Neukölln,52.4830017089859,13.449999809222,Mal so - Mal so,52.47420733526203,13.449353684771335,Café
298,Neukölln,52.4830017089859,13.449999809222,Hindi Restaurant,52.48910549143887,13.451454536241837,Indian Restaurant
299,Neukölln,52.4830017089859,13.449999809222,Zimt & Mehl Manufaktur,52.49043405267648,13.456163414896569,Café
300,Neukölln,52.4830017089859,13.449999809222,T.viet,52.49029022056749,13.455825045080122,Vietnamese Restaurant
301,Neukölln,52.4830017089859,13.449999809222,Spielplatz Weichselplatz,52.48859497262431,13.439186811447144,Playground
302,Neukölln,52.4830017089859,13.449999809222,Rossmann,52.49085868491015,13.456793115366926,Drugstore
303,Neukölln,52.4830017089859,13.449999809222,Hertzbergplatz,52.47767762624687,13.448273454876265,Park
304,Neukölln,52.4830017089859,13.449999809222,REWE,52.48564333790062,13.456866188782215,Supermarket
305,Neukölln,52.4830017089859,13.449999809222,Fritzze,52.49107143555717,13.44759761296911,Ice Cream Shop
306,Neukölln,52.4830017089859,13.449999809222,Lidl,52.4845035,13.4616852,Supermarket
307,Neukölln,52.4830017089859,13.449999809222,Asia Snack,52.49079116971657,13.456958965952934,Snack Place
308,Neukölln,52.4830017089859,13.449999809222,King Döner,52.47498149884583,13.453529123483692,Doner Restaurant
309,Neukölln,52.4830017089859,13.449999809222,Ofenrausch,52.491191,13.449673,Bistro
310,Neukölln,52.4830017089859,13.449999809222,Endorphina Backkunst,52.486027123664265,13.44862265015339,Café
311,Neukölln,52.4830017089859,13.449999809222,REWE,52.47863832692947,13.451015999999981,Supermarket
312,Neukölln,52.4830017089859,13.449999809222,Café Grenzenlos,52.48897388474576,13.453574180603027,Café
313,Neukölln,52.4830017089859,13.449999809222,Saturn,52.490648,13.457394,Electronics Store
314,Neukölln,52.4830017089859,13.449999809222,Desha Lokanta,52.48906064681687,13.453980707680339,Italian Restaurant
315,Neukölln,52.4830017089859,13.449999809222,Die Grüne Apotheke,52.490626128738214,13.456505815448601,Pharmacy
316,Neukölln,52.4830017089859,13.449999809222,H Beermannstraße,52.49084226574793,13.456857204437256,Bus Stop
317,Pankow,52.569595336986104,13.4032354354219,Stück vom Glück,52.56919919919005,13.40020221286038,Café
318,Pankow,52.569595336986104,13.4032354354219,Roji,52.569143,13.40343,Japanese Restaurant
319,Pankow,52.569595336986104,13.4032354354219,Bürgerpark Pankow,52.56999904300118,13.395617008209229,Park
320,Pankow,52.569595336986104,13.4032354354219,liebes bisschen,52.569593,13.410874,Café
321,Pankow,52.569595336986104,13.4032354354219,Eisspatz,52.56995919687778,13.410834093739817,Ice Cream Shop
322,Pankow,52.569595336986104,13.4032354354219,Alte Mälzerei,52.56725292558871,13.403657795895256,Residential Building (Apartment / Condo)
323,Pankow,52.569595336986104,13.4032354354219,Café Paula,52.565724527804065,13.400201153196663,Café
324,Pankow,52.569595336986104,13.4032354354219,Fritz Heyn Café Bar Showroom,52.56315,13.402491,Bar
325,Pankow,52.569595336986104,13.4032354354219,Wo der Bär den Honig holt,52.56571158842466,13.407565231482836,Café
326,Pankow,52.569595336986104,13.4032354354219,Berta Block,52.56354796541086,13.40975390909519,Climbing Gym
327,Pankow,52.569595336986104,13.4032354354219,Janny's Eis,52.57074035407863,13.40798224829901,Ice Cream Shop
328,Pankow,52.569595336986104,13.4032354354219,Eden*****,52.57134225789132,13.411595043768896,Café
329,Pankow,52.569595336986104,13.4032354354219,Argo Athletics,52.56423760038842,13.409709276475512,Gym / Fitness Center
330,Pankow,52.569595336986104,13.4032354354219,dm-drogerie markt,52.567460454788986,13.411328588954916,Drugstore
331,Pankow,52.569595336986104,13.4032354354219,Firenze,52.56547780814537,13.40409842436885,Italian Restaurant
332,Pankow,52.569595336986104,13.4032354354219,Schlosspark Niederschönhausen,52.577017,13.407866,Park
333,Pankow,52.569595336986104,13.4032354354219,dm-drogerie markt,52.569950103759766,13.404806137084961,Drugstore
334,Pankow,52.569595336986104,13.4032354354219,Two Fellas Brewery,52.563103334478484,13.40925612766999,Brewery
335,Pankow,52.569595336986104,13.4032354354219,Zweite Liebe,52.56663413066544,13.409521579742432,Stationery Store
336,Pankow,52.569595336986104,13.4032354354219,Schäfer’s Marktcafé,52.57117009588285,13.409052248971502,Bakery
337,Pankow,52.569595336986104,13.4032354354219,Trattoria Rossini,52.56603,13.39678,Trattoria/Osteria
338,Pankow,52.569595336986104,13.4032354354219,Kinderbauernhof Pinke-Panke,52.569066319189,13.388562866250385,Farm
339,Pankow,52.569595336986104,13.4032354354219,Hey Cheuk Lau,52.57157373631524,13.411797206606447,Chinese Restaurant
340,Pankow,52.569595336986104,13.4032354354219,Rosenrot,52.57128364104611,13.409001231193542,Café
341,Pankow,52.569595336986104,13.4032354354219,Café Sommerlust,52.578126588792635,13.4040766954422,Café
342,Pankow,52.569595336986104,13.4032354354219,Rossmann,52.5700206915857,13.4047750151157,Drugstore
343,Pankow,52.569595336986104,13.4032354354219,Flora Burger,52.56603,13.408566,Burger Joint
344,Pankow,52.569595336986104,13.4032354354219,Schloss Schönhausen,52.57841997382304,13.405648469924927,Palace
345,Pankow,52.569595336986104,13.4032354354219,SchillerBurger,52.56864030996582,13.411780190477359,Burger Joint
346,Pankow,52.569595336986104,13.4032354354219,Fitness First Women Club,52.56982949933151,13.406842052936554,Gym / Fitness Center
347,Pankow,52.569595336986104,13.4032354354219,Milchmanns Kaffeehaus,52.56821197812331,13.412189888627312,Coffee Shop
348,Pankow,52.569595336986104,13.4032354354219,EDEKA Schmitt,52.56726423240363,13.411041204475064,Supermarket
349,Pankow,52.569595336986104,13.4032354354219,Eiche,52.56813486509146,13.399025290754556,Pub
350,Pankow,52.569595336986104,13.4032354354219,Kaufland,52.56982405511648,13.404387279829386,Big Box Store
351,Pankow,52.569595336986104,13.4032354354219,BIO COMPANY,52.570110292619646,13.40475483997751,Organic Grocery
352,Pankow,52.569595336986104,13.4032354354219,Garbátyplatz,52.56727322302387,13.411275744438171,Plaza
353,Pankow,52.569595336986104,13.4032354354219,Kahve Rengi,52.56411569748972,13.392849638315662,Breakfast Spot
354,Pankow,52.569595336986104,13.4032354354219,BackWerk,52.569732,13.403912,Bakery
355,Pankow,52.569595336986104,13.4032354354219,C&A,52.570186793177726,13.405027683319549,Clothing Store
356,Pankow,52.569595336986104,13.4032354354219,Bistro Eßtilo,52.568975,13.399951,Café
357,Pankow,52.569595336986104,13.4032354354219,Lidl,52.5737266,13.3985589,Supermarket
358,Pankow,52.569595336986104,13.4032354354219,PandaGarten,52.56914520263672,13.41120433807373,Sushi Restaurant
359,Pankow,52.569595336986104,13.4032354354219,Ari's Dinner,52.564356414837334,13.392959031041348,Fast Food Restaurant
360,Pankow,52.569595336986104,13.4032354354219,BIP - Bier in Pankow,52.56774275433245,13.397226333618164,Eastern European Restaurant
361,Pankow,52.569595336986104,13.4032354354219,Olivenbaum‎ Bistro,52.56967982698153,13.407156101346315,Greek Restaurant
362,Pankow,52.569595336986104,13.4032354354219,REWE,52.5663095,13.3952934,Supermarket
363,Pankow,52.569595336986104,13.4032354354219,Al Letany Insel,52.56546916115643,13.405662057290053,Falafel Restaurant
364,Pankow,52.569595336986104,13.4032354354219,Mirabelle,52.567738854922865,13.390568528370988,Café
365,Pankow,52.569595336986104,13.4032354354219,HD Hüttendomizil,52.56935920236869,13.398787454061646,German Restaurant
366,Pankow,52.569595336986104,13.4032354354219,Lidl,52.56367494644978,13.41230034828186,Supermarket
367,Pankow,52.569595336986104,13.4032354354219,Yoko Sushi,52.566418325040914,13.396672663007077,Sushi Restaurant
368,Pankow,52.569595336986104,13.4032354354219,Razzak,52.568369,13.3989,Middle Eastern Restaurant
369,Pankow,52.569595336986104,13.4032354354219,Tanzschule Am Bürgerpark,52.56917687045452,13.39791581321311,Dance Studio
370,Pankow,52.569595336986104,13.4032354354219,H Bürgerpark Pankow,52.57123742188698,13.398522488796734,Tram Station
371,Pankow,52.569595336986104,13.4032354354219,Café Nord,52.569048988813115,13.408895305942314,Café
372,Pankow,52.569595336986104,13.4032354354219,Masurenspielplatz,52.56255154545075,13.411238193511963,Playground
373,Pankow,52.569595336986104,13.4032354354219,Flora Garten,52.56579013633296,13.399412896448188,Flower Shop
374,Pankow,52.569595336986104,13.4032354354219,Aral,52.56389236617938,13.407984334654492,Gas Station
375,Pankow,52.569595336986104,13.4032354354219,Rosengarten,52.56979485691449,13.394200801849365,Café
376,Pankow,52.569595336986104,13.4032354354219,Johns Bäckerei & Konditorei,52.56585122562403,13.395728944100421,Bakery
377,Pankow,52.569595336986104,13.4032354354219,Pankow Getränke & Minimarkt,52.56402871627259,13.408177901734584,Convenience Store
378,Pankow,52.569595336986104,13.4032354354219,Edeka Hadlichstraße,52.571597394214514,13.417655916007982,Supermarket
379,Pankow,52.569595336986104,13.4032354354219,BioQuell,52.56263743385031,13.401718679295344,Organic Grocery
380,Pankow,52.569595336986104,13.4032354354219,Bäckerei und Konditorei Thomas Wildschütz,52.56359875202179,13.412514925003052,Bakery
381,Pankow,52.569595336986104,13.4032354354219,Ballettschule Jaskola,52.56322598692596,13.411989050138265,Dance Studio
382,Pankow,52.569595336986104,13.4032354354219,H Lohmestraße,52.56644295472066,13.41593915729455,Bus Stop
383,Pankow,52.569595336986104,13.4032354354219,H Masurenstraße,52.56331331441946,13.412736295406948,Tram Station
384,Pankow,52.569595336986104,13.4032354354219,Heinz-Knobloch-Platz,52.562432,13.411346,Park
385,Pankow,52.569595336986104,13.4032354354219,Forum Pankow,52.57215140317362,13.41714728302819,Shopping Mall
386,Reinickendorf,52.5740928648613,13.345394134521802,Latichte,52.576094028594824,13.348752556321415,German Restaurant
387,Reinickendorf,52.5740928648613,13.345394134521802,Kienhorstpark,52.576746680467316,13.33935507838421,Park
388,Reinickendorf,52.5740928648613,13.345394134521802,La Trattoria Marina,52.5731027686803,13.35935869822512,Trattoria/Osteria
389,Reinickendorf,52.5740928648613,13.345394134521802,Paracelsus-Bad,52.57535508734666,13.347456854839297,Pool
390,Reinickendorf,52.5740928648613,13.345394134521802,PENNY,52.57201030336214,13.359455368087652,Supermarket
391,Reinickendorf,52.5740928648613,13.345394134521802,Ibis Hotel Airport Tegel,52.574747100605485,13.358128434399532,Hotel
392,Reinickendorf,52.5740928648613,13.345394134521802,U Lindauer Allee,52.57525844907998,13.338436847243601,Metro Station
393,Reinickendorf,52.5740928648613,13.345394134521802,Sportplatz Aroser Allee,52.57269861158147,13.352808952331543,Soccer Field
394,Reinickendorf,52.5740928648613,13.345394134521802,S Alt-Reinickendorf,52.577816902463866,13.350942134857178,Light Rail Station
395,Reinickendorf,52.5740928648613,13.345394134521802,Sportplatz Thurgauer Straße,52.57048158678113,13.354965448379517,Soccer Field
396,Reinickendorf,52.5740928648613,13.345394134521802,Cito Reinigung,52.56774645578006,13.350781027210708,Dry Cleaner
397,Reinickendorf,52.5740928648613,13.345394134521802,H Gotthardstraße / Teichstraße,52.566986284749596,13.346714973449707,Bus Stop
398,Reinickendorf,52.5740928648613,13.345394134521802,Netto Marken-Discount,52.5676477,13.3531489,Supermarket
399,Reinickendorf,52.5740928648613,13.345394134521802,Kolpingplatz,52.574022252360486,13.35862398147583,Plaza
400,Reinickendorf,52.5740928648613,13.345394134521802,Commerzbank,52.57377888745565,13.359003353868848,Bank
401,Reinickendorf,52.5740928648613,13.345394134521802,Kopenhagener Apotheke,52.57444107916492,13.35951806749821,Pharmacy
402,Reinickendorf,52.5740928648613,13.345394134521802,U Karl-Bonhoeffer-Nervenklinik,52.57899678903478,13.333202137952576,Metro Station
403,Spandau,52.534072875986006,13.181689262215901,Cruise-In,52.532583940504786,13.178773839777676,Burger Joint
404,Spandau,52.534072875986006,13.181689262215901,EDEKA,52.5338074,13.1682117,Supermarket
405,Spandau,52.534072875986006,13.181689262215901,kfzteile24,52.53349470099693,13.177587635068075,Automotive Shop
406,Spandau,52.534072875986006,13.181689262215901,Dalmacija Grill,52.536487610443224,13.190949237760805,Restaurant
407,Spandau,52.534072875986006,13.181689262215901,Lidl,52.528427,13.188168,Supermarket
408,Spandau,52.534072875986006,13.181689262215901,Telekom Shop,52.534231,13.193812,Mobile Phone Shop
409,Spandau,52.534072875986006,13.181689262215901,Kaufland,52.532246656747354,13.18817106578859,Big Box Store
410,Spandau,52.534072875986006,13.181689262215901,H Nauener Straße,52.53414535163502,13.181980116646496,Bus Stop
411,Spandau,52.534072875986006,13.181689262215901,Bäcker,52.53763984008842,13.188824001221803,Bakery
412,Spandau,52.534072875986006,13.181689262215901,Peek & Cloppenburg,52.53391815837474,13.195264317791043,Clothing Store
413,Steglitz-Zehlendorf,52.4329986572859,13.25217088,Alte Backstube,52.43518053686588,13.257545469237762,Café
414,Steglitz-Zehlendorf,52.4329986572859,13.25217088,Goodtime,52.42968009076629,13.259685388212388,Thai Restaurant
415,Steglitz-Zehlendorf,52.4329986572859,13.25217088,Walter's Coffey,52.42883375121511,13.256322910444933,Bagel Shop
416,Steglitz-Zehlendorf,52.4329986572859,13.25217088,Butter Lindner,52.432821308794395,13.259330523440134,Gourmet Shop
417,Steglitz-Zehlendorf,52.4329986572859,13.25217088,Gartenhaus Café,52.431333,13.25823,Café
418,Steglitz-Zehlendorf,52.4329986572859,13.25217088,Garbatella,52.43757299446411,13.257298646410401,Italian Restaurant
419,Steglitz-Zehlendorf,52.4329986572859,13.25217088,Spirit Yoga Zehlendorf,52.43149235482039,13.257144707795428,Yoga Studio
420,Steglitz-Zehlendorf,52.4329986572859,13.25217088,Piazza Fontana,52.43519563793024,13.257949294254987,Italian Restaurant
421,Steglitz-Zehlendorf,52.4329986572859,13.25217088,Civan's Döner,52.43571654373097,13.260932094396475,Doner Restaurant
422,Steglitz-Zehlendorf,52.4329986572859,13.25217088,Liberty Pizza,52.435619483427054,13.257882893178284,Pizza Place
423,Steglitz-Zehlendorf,52.4329986572859,13.25217088,Block House,52.43157405432615,13.2589731048735,Steakhouse
424,Steglitz-Zehlendorf,52.4329986572859,13.25217088,Fitness First,52.43772417696904,13.262523114681244,Gym / Fitness Center
425,Steglitz-Zehlendorf,52.4329986572859,13.25217088,dm-drogerie markt,52.43357,13.260023,Drugstore
426,Steglitz-Zehlendorf,52.4329986572859,13.25217088,dm-drogerie markt,52.43659914261847,13.261736347420424,Drugstore
427,Steglitz-Zehlendorf,52.4329986572859,13.25217088,BIO COMPANY,52.43370097636679,13.259823277048763,Organic Grocery
428,Steglitz-Zehlendorf,52.4329986572859,13.25217088,Sakura Sushi,52.43567012074667,13.261411623461933,Asian Restaurant
429,Steglitz-Zehlendorf,52.4329986572859,13.25217088,Ristorante Il Nuovo Cristallo,52.429145,13.259685,Italian Restaurant
430,Steglitz-Zehlendorf,52.4329986572859,13.25217088,Aral & REWE To Go Büttner,52.43305731944573,13.237869224922314,Gas Station
431,Steglitz-Zehlendorf,52.4329986572859,13.25217088,Telekom Shop,52.43457819812645,13.26055611977137,Mobile Phone Shop
432,Steglitz-Zehlendorf,52.4329986572859,13.25217088,Café LebensArt,52.43621657368682,13.261363551525063,Café
433,Steglitz-Zehlendorf,52.4329986572859,13.25217088,Sixteen Bites,52.43189452681985,13.259409070014952,Fast Food Restaurant
434,Steglitz-Zehlendorf,52.4329986572859,13.25217088,Gasthaus Kronprinz,52.4381692144769,13.262149305623232,German Restaurant
435,Steglitz-Zehlendorf,52.4329986572859,13.25217088,Bamboo,52.428687472280195,13.25623771063416,Sushi Restaurant
436,Steglitz-Zehlendorf,52.4329986572859,13.25217088,Deutsche Bank Filiale,52.434987300780676,13.259285849896969,Bank
437,Steglitz-Zehlendorf,52.4329986572859,13.25217088,H&M,52.43158,13.259647,Clothing Store
438,Steglitz-Zehlendorf,52.4329986572859,13.25217088,Zehlendorfer Grill,52.430659187300364,13.258585312663849,Doner Restaurant
439,Steglitz-Zehlendorf,52.4329986572859,13.25217088,Lidl,52.4295575,13.2601289,Supermarket
440,Steglitz-Zehlendorf,52.4329986572859,13.25217088,TK Maxx,52.437802304591806,13.262201759245729,Big Box Store
441,Steglitz-Zehlendorf,52.4329986572859,13.25217088,Zehlendorfer Eiche,52.435079193714294,13.26000869828646,Tree
442,Steglitz-Zehlendorf,52.4329986572859,13.25217088,Pizzeria Fatica,52.43437831068834,13.247298142316614,Pizza Place
443,Steglitz-Zehlendorf,52.4329986572859,13.25217088,Zehlendorfer Backwaren,52.43415608849676,13.246856093934053,Lottery Retailer
444,Steglitz-Zehlendorf,52.4329986572859,13.25217088,REWE,52.437089537433856,13.262295330759002,Supermarket
445,Steglitz-Zehlendorf,52.4329986572859,13.25217088,Tomasa,52.43489385337332,13.261979086450642,Café
446,Steglitz-Zehlendorf,52.4329986572859,13.25217088,Schönower Park,52.427645691652216,13.260623036837803,Park
447,Steglitz-Zehlendorf,52.4329986572859,13.25217088,EDEKA Erler,52.42638894,13.24414167,Supermarket
448,Tempelhof-Schöneberg,52.4669990539859,13.383000373219199,Nuova Mirabella,52.465644056433305,13.384034096833979,Italian Restaurant
449,Tempelhof-Schöneberg,52.4669990539859,13.383000373219199,Alter Park,52.46287074203469,13.382309408058477,Park
450,Tempelhof-Schöneberg,52.4669990539859,13.383000373219199,Lidl,52.46797192564404,13.384424904197658,Supermarket
451,Tempelhof-Schöneberg,52.4669990539859,13.383000373219199,Müllerskind,52.462680782026176,13.381306691069783,Café
452,Tempelhof-Schöneberg,52.4669990539859,13.383000373219199,City Chicken,52.464783353188814,13.385706167873973,Fried Chicken Joint
453,Tempelhof-Schöneberg,52.4669990539859,13.383000373219199,RISA Chicken,52.466194911143816,13.38532605664186,Fried Chicken Joint
454,Tempelhof-Schöneberg,52.4669990539859,13.383000373219199,Bosepark,52.462958329071206,13.379771795281743,Park
455,Tempelhof-Schöneberg,52.4669990539859,13.383000373219199,Trattoria Toscana,52.4715056699932,13.385329206997389,Trattoria/Osteria
456,Tempelhof-Schöneberg,52.4669990539859,13.383000373219199,Amera,52.46716998881639,13.382751642683369,Italian Restaurant
457,Tempelhof-Schöneberg,52.4669990539859,13.383000373219199,Franckepark,52.4612132016372,13.388428688049316,Park
458,Tempelhof-Schöneberg,52.4669990539859,13.383000373219199,Orient Food,52.468418,13.385631,Middle Eastern Restaurant
459,Tempelhof-Schöneberg,52.4669990539859,13.383000373219199,Post | Postbank,52.46163486571014,13.385154790905387,Post Office
460,Tempelhof-Schöneberg,52.4669990539859,13.383000373219199,BAUHAUS,52.468589,13.369569,Hardware Store
461,Tempelhof-Schöneberg,52.4669990539859,13.383000373219199,Café Klatsch,52.46585700255897,13.38076329559754,Café
462,Tempelhof-Schöneberg,52.4669990539859,13.383000373219199,vanille & marille,52.458636,13.381134,Ice Cream Shop
463,Tempelhof-Schöneberg,52.4669990539859,13.383000373219199,Tonsai Thai,52.45956101571306,13.381932536177759,Thai Restaurant
464,Tempelhof-Schöneberg,52.4669990539859,13.383000373219199,Café Klangwerk,52.459551,13.382136,Café
465,Tempelhof-Schöneberg,52.4669990539859,13.383000373219199,EGE Gemüsekebap,52.459218,13.384774,Doner Restaurant
466,Tempelhof-Schöneberg,52.4669990539859,13.383000373219199,Bambusstäbchen,52.46664276531108,13.385444816675534,Vietnamese Restaurant
467,Tempelhof-Schöneberg,52.4669990539859,13.383000373219199,Balli Döner,52.4659823152116,13.385411098485934,Doner Restaurant
468,Tempelhof-Schöneberg,52.4669990539859,13.383000373219199,McFIT,52.4698116,13.3736818,Gym / Fitness Center
469,Tempelhof-Schöneberg,52.4669990539859,13.383000373219199,ehem. Runway 09R,52.470808563070726,13.393235206604004,Skate Park
470,Tempelhof-Schöneberg,52.4669990539859,13.383000373219199,Thürmann Bäckerei & Konditorei,52.46076866305522,13.385080280744857,Bakery
471,Tempelhof-Schöneberg,52.4669990539859,13.383000373219199,Kaiser's,52.46013811509995,13.37553893453953,Supermarket
472,Tempelhof-Schöneberg,52.4669990539859,13.383000373219199,dm-drogerie markt,52.459654927667806,13.384770689924675,Drugstore
473,Tempelhof-Schöneberg,52.4669990539859,13.383000373219199,TÜV Rheinland,52.464346560906876,13.369168203704817,Business Service
474,Tempelhof-Schöneberg,52.4669990539859,13.383000373219199,Kaufland,52.467606339462435,13.377067896351205,Big Box Store
475,Tempelhof-Schöneberg,52.4669990539859,13.383000373219199,EDEKA,52.46550069347914,13.383998450074037,Supermarket
476,Tempelhof-Schöneberg,52.4669990539859,13.383000373219199,Rossmann,52.45956108078195,13.384524458560131,Drugstore
477,Tempelhof-Schöneberg,52.4669990539859,13.383000373219199,REWE,52.46468599301692,13.395111853235562,Supermarket
478,Tempelhof-Schöneberg,52.4669990539859,13.383000373219199,Hotel Alt-Tempelhof,52.4640135430467,13.384933899156918,Hotel
479,Tempelhof-Schöneberg,52.4669990539859,13.383000373219199,EDEKA Tempelhofer Damm,52.45877597,13.38376124,Supermarket
480,Tempelhof-Schöneberg,52.4669990539859,13.383000373219199,Meyman Gourmet,52.45820253598701,13.384377212555776,Breakfast Spot
481,Tempelhof-Schöneberg,52.4669990539859,13.383000373219199,My Asia,52.46863425153149,13.38513817439509,Asian Restaurant
482,Tempelhof-Schöneberg,52.4669990539859,13.383000373219199,Pausini,52.459449320605344,13.383953043052635,Coffee Shop
483,Tempelhof-Schöneberg,52.4669990539859,13.383000373219199,Yasaka-Sushi,52.46877834428962,13.385458971242336,Sushi Restaurant
484,Tempelhof-Schöneberg,52.4669990539859,13.383000373219199,T-Damm Center,52.4586211256563,13.383373230883965,Shopping Mall
485,Tempelhof-Schöneberg,52.4669990539859,13.383000373219199,Berlinickeplatz,52.46609218934821,13.377981393264994,Plaza
486,Tempelhof-Schöneberg,52.4669990539859,13.383000373219199,McDonald's,52.469660389516726,13.3714274893895,Fast Food Restaurant
487,Tempelhof-Schöneberg,52.4669990539859,13.383000373219199,Döneria,52.458053573344344,13.384196398564065,Doner Restaurant
488,Tempelhof-Schöneberg,52.4669990539859,13.383000373219199,H S+U Tempelhof,52.471027,13.385797,Bus Stop
489,Tempelhof-Schöneberg,52.4669990539859,13.383000373219199,Mahatma,52.47215311646854,13.38533023091156,Indian Restaurant
490,Tempelhof-Schöneberg,52.4669990539859,13.383000373219199,Bose Eck,52.4627359,13.3773627,Pub
491,Tempelhof-Schöneberg,52.4669990539859,13.383000373219199,Topkapi,52.46882500112899,13.374098517420636,Hookah Bar
492,Tempelhof-Schöneberg,52.4669990539859,13.383000373219199,Hundeauslaufzone A 100,52.47034132875303,13.390935479202811,Dog Run
493,Tempelhof-Schöneberg,52.4669990539859,13.383000373219199,Segway Tempelhofer Feld,52.472259450646575,13.387484550476074,Tour Provider
494,Tempelhof-Schöneberg,52.4669990539859,13.383000373219199,Spiele In Berlin,52.472222315498286,13.38851560149971,Stadium
495,Tempelhof-Schöneberg,52.4669990539859,13.383000373219199,H Schöneberger Straße,52.46945117668162,13.372829573461066,Bus Stop
496,Tempelhof-Schöneberg,52.4669990539859,13.383000373219199,M & M Back,52.459649730531886,13.384572006259795,Bakery
497,Tempelhof-Schöneberg,52.4669990539859,13.383000373219199,Grillplatz West,52.47012885153753,13.393793106079102,Rest Area
498,Tempelhof-Schöneberg,52.4669990539859,13.383000373219199,McCafé,52.469685,13.371212,Café
499,Tempelhof-Schöneberg,52.4669990539859,13.383000373219199,Roter Baron,52.474574425680714,13.380724044478299,Botanical Garden
500,Tempelhof-Schöneberg,52.4669990539859,13.383000373219199,RENAULT RETAIL GROUP BERLIN Tempelhof,52.46545360269289,13.395500698449903,Auto Dealership
501,Tempelhof-Schöneberg,52.4669990539859,13.383000373219199,Steinecke,52.46863567211751,13.36976913955979,Bakery
502,Tempelhof-Schöneberg,52.4669990539859,13.383000373219199,ALDI NORD,52.45860360918339,13.38344949387142,Supermarket
503,Tempelhof-Schöneberg,52.4669990539859,13.383000373219199,NORMA,52.45813413769081,13.383203744888306,Supermarket
504,Tempelhof-Schöneberg,52.4669990539859,13.383000373219199,Tante Emma Bäckerei & Bistro,52.47534022060787,13.377778702115082,Bakery
505,Treptow-Köpenick,52.450000762985894,13.5670003890222,Biergarten in der Freiheit Fünfzehn,52.44777303997553,13.576746067719105,Beer Garden
506,Treptow-Köpenick,52.450000762985894,13.5670003890222,Duke Bar,52.44767286425836,13.576494455337523,Cocktail Bar
507,Treptow-Köpenick,52.450000762985894,13.5670003890222,Schloss Köpenick,52.443679,13.572549,Palace
508,Treptow-Köpenick,52.450000762985894,13.5670003890222,Mellowpark,52.45569221806096,13.563394856208413,Skate Park
509,Treptow-Köpenick,52.450000762985894,13.5670003890222,Café Antoní,52.44481,13.57603,Café
510,Treptow-Köpenick,52.450000762985894,13.5670003890222,Kikko Grill & Sushi,52.44464318053369,13.57424591334495,Sushi Restaurant
511,Treptow-Köpenick,52.450000762985894,13.5670003890222,Sektor 3,52.45781247013437,13.568544387817383,Soccer Stadium
512,Treptow-Köpenick,52.450000762985894,13.5670003890222,pentahotel Berlin-Köpenick,52.443894717487595,13.569829693539708,Hotel
513,Treptow-Köpenick,52.450000762985894,13.5670003890222,Eisbar Friederici,52.44492207361581,13.574279220023264,Ice Cream Shop
514,Treptow-Köpenick,52.450000762985894,13.5670003890222,Wald/Forst an der Alten Försterei,52.457080731761806,13.56091335607361,Forest
515,Treptow-Köpenick,52.450000762985894,13.5670003890222,Ratskeller Köpenick,52.44558129407464,13.57449759934094,German Restaurant
516,Treptow-Köpenick,52.450000762985894,13.5670003890222,Stadion An der Alten Försterei,52.457305,13.567941,Soccer Stadium
517,Treptow-Köpenick,52.450000762985894,13.5670003890222,Café Mutter Lustig,52.44398015790186,13.57490674317666,Café
518,Treptow-Köpenick,52.450000762985894,13.5670003890222,Asteria,52.4470886325136,13.574690281626037,Greek Restaurant
519,Treptow-Köpenick,52.450000762985894,13.5670003890222,Ajanta,52.4556006306489,13.57699645118271,Indian Restaurant
520,Treptow-Köpenick,52.450000762985894,13.5670003890222,Geschäftsstelle 1. FC Union Berlin,52.45643434985291,13.565647602081297,Sports Club
521,Treptow-Köpenick,52.450000762985894,13.5670003890222,Zur Alten Laterne,52.44514650154421,13.574190615245312,Bar
522,Treptow-Köpenick,52.450000762985894,13.5670003890222,Altstadtcafé Cöpenick,52.44625517732477,13.574837288493715,Café
523,Treptow-Köpenick,52.450000762985894,13.5670003890222,Schlosspark Köpenick,52.44287,13.572872,Park
524,Treptow-Köpenick,52.450000762985894,13.5670003890222,Schlossplatzbrauerei Coepenick,52.44458168509351,13.574419369275315,Brewery
525,Treptow-Köpenick,52.450000762985894,13.5670003890222,Mokkafee,52.44491801008545,13.5755769793644,Café
526,Treptow-Köpenick,52.450000762985894,13.5670003890222,Schlossplatz,52.444035,13.575189,Plaza
527,Treptow-Köpenick,52.450000762985894,13.5670003890222,Best Western Hotel am Schloss Köpenick,52.442621136891574,13.569779774959034,Hotel
528,Treptow-Köpenick,52.450000762985894,13.5670003890222,Milchkaffee,52.44608643123333,13.576188897667334,Café
529,Treptow-Köpenick,52.450000762985894,13.5670003890222,REWE,52.4461504579152,13.56417863973752,Supermarket
530,Treptow-Köpenick,52.450000762985894,13.5670003890222,Restaurant Lehmofen,52.44795112918594,13.5783131566226,Middle Eastern Restaurant
531,Treptow-Köpenick,52.450000762985894,13.5670003890222,Luise,52.44593578772007,13.573819616315847,German Restaurant
532,Treptow-Köpenick,52.450000762985894,13.5670003890222,Schlosscafé,52.443293,13.573818,Café
533,Treptow-Köpenick,52.450000762985894,13.5670003890222,Mentzelpark,52.44818944795439,13.569402694702148,Park
534,Treptow-Köpenick,52.450000762985894,13.5670003890222,Vero Ristorante,52.44598383982776,13.574881710370088,Italian Restaurant
535,Treptow-Köpenick,52.450000762985894,13.5670003890222,Aral,52.45525488,13.55572592,Gas Station
536,Treptow-Köpenick,52.450000762985894,13.5670003890222,ALS Bootsverleih,52.453476,13.567544,Boat Rental
537,Treptow-Köpenick,52.450000762985894,13.5670003890222,H Bahnhofstraße / Lindenstraße,52.45120274928719,13.572461549134188,Tram Station
538,Treptow-Köpenick,52.450000762985894,13.5670003890222,Katzengraben,52.45360860542529,13.565685577899478,River
539,Treptow-Köpenick,52.450000762985894,13.5670003890222,Anlegestelle Lindenstraße,52.45100021362305,13.573729515075684,Boat or Ferry
540,Treptow-Köpenick,52.450000762985894,13.5670003890222,S Spindlersfeld,52.44711703959143,13.56137752532959,Light Rail Station
541,Treptow-Köpenick,52.450000762985894,13.5670003890222,Wuhlemündung,52.454946447179424,13.567488507829772,River
542,Treptow-Köpenick,52.450000762985894,13.5670003890222,1. FC Union Berlin - Fanhaus,52.454989478599,13.568222522735596,Sports Bar
543,Treptow-Köpenick,52.450000762985894,13.5670003890222,H S Spindlersfeld,52.44570455946863,13.562493324279785,Tram Station
544,Treptow-Köpenick,52.450000762985894,13.5670003890222,Mecklemburger Dorf,52.45165401739059,13.575023526246273,Fast Food Restaurant
545,Treptow-Köpenick,52.450000762985894,13.5670003890222,H Köllnischer Platz,52.44481038382384,13.568400786487297,Tram Station
546,Treptow-Köpenick,52.450000762985894,13.5670003890222,TOTAL Tankstelle,52.445820350069845,13.561748968551191,Gas Station
547,Treptow-Köpenick,52.450000762985894,13.5670003890222,Café Coé,52.4524396410632,13.574931233276647,Café
548,Treptow-Köpenick,52.450000762985894,13.5670003890222,Promenade Köpenick,52.44667237480803,13.574037551879883,Scenic Lookout
549,Treptow-Köpenick,52.450000762985894,13.5670003890222,Gelenk- und Rückenzentrum Köpenick,52.44730043219685,13.575681879655052,Gym / Fitness Center
550,Treptow-Köpenick,52.450000762985894,13.5670003890222,Ars Vivendi,52.44813713595704,13.57659101486206,Boat or Ferry
551,Treptow-Köpenick,52.450000762985894,13.5670003890222,Freiheit,52.4472543616321,13.576011657714844,Plaza
552,Treptow-Köpenick,52.450000762985894,13.5670003890222,Köpenicker Seeterrassen,52.44401878125319,13.576535472445578,German Restaurant
553,Treptow-Köpenick,52.450000762985894,13.5670003890222,Hauptmann von Köpenick,52.445783031774795,13.574638366699219,Monument / Landmark
554,Treptow-Köpenick,52.450000762985894,13.5670003890222,Rathaus Bistro,52.445068,13.574251,Fast Food Restaurant
555,Treptow-Köpenick,52.450000762985894,13.5670003890222,H Alte Försterei,52.45653919885696,13.563440900588803,Tram Station
556,Treptow-Köpenick,52.450000762985894,13.5670003890222,Solarbootstation Köpenick,52.44355959563677,13.574852943420408,Harbor / Marina
557,Treptow-Köpenick,52.450000762985894,13.5670003890222,Kubrat Hotel a/d Spree,52.45174873377948,13.579857194832062,Hotel
558,Treptow-Köpenick,52.450000762985894,13.5670003890222,Wochenmarkt Köpenick,52.44492054336543,13.57738541302249,Farmers Market
559,Treptow-Köpenick,52.450000762985894,13.5670003890222,Alte Spree,52.44939260674557,13.580389022827148,River
560,Treptow-Köpenick,52.450000762985894,13.5670003890222,Rasenplätze 4/5,52.45844773226697,13.56934931038831,Soccer Field
561,Treptow-Köpenick,52.450000762985894,13.5670003890222,Schlossinsel,52.442046,13.572298,Island
562,Treptow-Köpenick,52.450000762985894,13.5670003890222,Cöpenicker Segler-Verein e. V.,52.449559021130675,13.581631628863756,Pier
563,Treptow-Köpenick,52.450000762985894,13.5670003890222,AQUARIS,52.446314102850764,13.580363299309553,Harbor / Marina
564,Treptow-Köpenick,52.450000762985894,13.5670003890222,Waschhaus Alt Köpenick,52.44603966065188,13.580177447960414,German Restaurant
